,text,sentiment
0,Honda Motor Reduces Trial and Development Time Thanks to the Accuracy of Water Impact Simulation Testing VirtualPrototyping VPS Automotive,positive
1,Its the Hyundai project thing But Jungkook looooookkkkssss greeeeaaaaaatttt as alwayyyyys,positive
2,Feeling a strange tilt on one side of your VW Its probably time to stop by our Service Center and get your Tires Rotated by our excellent technicians VWLove Volkswagen Book appointment,positive
3,I learned out of necessity on a Volkswagen Jetta when I wasbut I very much prefer an automatic transmission,positive
4,So cute ,positive
5,Some exiting news I wanted to share So I talked to my mam after watching the Bumblebee movie saying that I wanted aVolkswagen Beetle and she wanted the same car So she is gunna help me get aVolkswagen Beetle just like the one in the film So exiting,positive
6,The online synthesis workshop allowed us to keep a key research initiative moving We were able to collaborate without having to travel and the end result was clarity and confidence on the path forward Mark Duer Design Research Ford Motor Company,positive
7,Ford Motor Company gave their car designers a special assignment Craft up activity sheets  coloring pages to amuse kids stuck at home during the pandemic Check out these fun free downloads available from StayHome StaySafe,positive
8,Congrats to our customers GE Healthcare and Ford Motor Company for their work together in increasing ventilator production and helping health care workers save lives covid19 coronavirus fighttheviruswithus,positive
9,On Monday Grandad and i worked on his cars My favorite car is atoyota group b rally car He has a lot of cars he collects them Grandads favorite car is a renolt Grandad has been ,positive
10,Ima get a job at Toyota JZ be spending racks on designer,positive
11,yallis like a nissan altima  mine is more like a Toyota corolla  keeping it safe and secure ,positive
12,Just imagine comparing Benz C200 Kompressor to Toyota corollaedition Its benz but not close at all,positive
13,I have an interview tomorrow for Toyota corporate in Phoenix Should I take the job if I get it,positive
14,only goal in my life is to travel around the world with my Toyota Land Cruiser and some kittens,positive
15,I dont want friends I want audis,positive
16,Cant wait for these Audis to come in for my kids ,positive
17,I would like to take a route and drive and drive  and enjoy the sea  and you What would you like to do             quarantine cuarentena bucewillis enjoy covid19 car sunglasses audi,positive
18,Still blazinghappyyall  ,positive
19,My happiness is predicated by humility  paeuros audi audisport audipittsburgh audisportquattro audizine rs4 b7rs4 b7 rsgang quattro misano misanored misanors4 audizine widebody,positive
20,Im so stuck between getting this Audi or Genesis,positive
21,Wunder solo killing Bwipo twice in a row during the 3rd game Me amp my friends talked about this moment a lot last night,positive
22,BMW of El Paso appreciates all of our customers support Leave us a review about your experience with us today We look forward to your next visit,positive
23,absolutely slamming Bwipo in1v1s in Game,positive
24,Prepped For Track Work,positive
25,When Wunder dominated Bwipo in both sides of the Ornn vs Zac matchup  Denmark,positive
26,NPRs Rachel Martin talks to Adrian Price Fords director of manufacturing about the companys efforts to repurpose equipment used to make cars to now make ventilators and other medical supplies,positive
27,Hero of the day Motor Company for converting their plants to manufacture ventilators heroes heroesworkhere Ford fordmotorcompany ventilators coronavirus covid19,positive
28,Happy Earth Day from Ford Motor Company EarthDay2020 EarthDay WorldEarthDay,positive
29,Based on Red Hat OpenShift and supported by RedHat and Sysdig technology Ford has improved developer productivity enhanced its security and compliance approach Read the full story,positive
30,UAWFord Stands Up In the toughest of times and in times of need UAW members along with the Ford Motor Company have always been on the front lines to help out their local communities as well as the nation,positive
31,Natural News To help with the nations response to the Wuhan coronavirus COVID19 crisis Ford Motor Company has decided to repurpose production on one of its vehicle components to produce thousands of potentially lifesaving ventilators f ,positive
32,Sharing the wonderful Frontline Worker tribute video from Ford Motor Company Thank you for providing KDPS with needed face shields to ensure our safety during the Covid19 response inthistogether backtheblue TDMFaceshields FordBuiltTough,positive
33,A UK motor insurance company has become the first to offer customers an unprompted refund ofas vehicles up and down the nation remain idle during the coronavirus COVID19 lockdown Will your insurer give you a refund TAP THIS LINK TO READ MORE ,positive
34,Congrats to my FAMU Freshman Sister Crystal Green Worthem of Ford Motor Company FordMotorCompany FAMU CoverGirl,positive
35,TSLA Tesla TSLA  Embedded Expectations Analysis 04 Tesla Inc TSLAUSA currently trades well above corporate averages relative to UAFRSbased Uniform earnings with a 699x Uniform PE At these levels the market equity stocks,positive
36,entrepreneurial trait may be at the heart of success and Teslas Elon Musk demonstrated it in spades doaday speaker,positive
37,New post Apple Inc NASDAQAAPL Tesla Motors Inc NASDAQTSLA  Gene Munster Sees Apple And Tesla As Biggest Winners This Earnings Season has been published on FUNDSWIFT ,positive
38,Tesla Inc TSLA surprised the market with Q3 result Bain capital changed the rating to Buy as Tesla Inc TSLA reported a net revenue that soared,positive
39,TSLA Stock Price  Tesla Inc Stock Quote US Nasdaq  MarketWatch Tesla is doing very good Thanks Sam Houston,positive
40,Our showroom has plenty of space to safely shop and practice social distancing,positive
41,Your local dealers are committed to serving our community We know you depend on your car particularly now With vehicle pickups and drop offs available feel free to schedule service enhanced sanitation or an inspection at your local Honda dealer,positive
42,Id love a cheap cyber sports car,positive
43,NMED just announced recipients of this round of Volkswagen settlement funding on the 50th anniversary of EarthDay These projects will result in fewer harmful emissions  great news for NewMexicans and the environment,positive
44,When people doubt your ideas just remember Ford turned down Volkswagen for free They own Lamborghini Bentley Bugatti Porsche Audi  more because they thought it was worthless Keep going with proven results the support will follow,positive
45,So today my coffee was actually paid for by a dude driving the new butterfly door Tesla And he gave Starbucks atip and 1k worth of free coffee for the next few hours that people go there  just radiating Big Dick Energy findom  finD,positive
46,We want to make your car buying experience convenient and stressfree Browse our inventory from the comfort of your own home VW Pasadena Volkswagen Turbo VolksLovers socal DealershipLife VWLife VWLifestyle VWLove VDub NowYouCan VDubLove VWSociety DubLoveLess,positive
47,Im so proud of having had the opportunity to work in companies commited with sustainability Thank you  Tesla BoA Merrill We are green proudwoman ESG tech HappyEarthDay EnergyEfficiency EnergyTransition One panel car investment at a time ,positive
48,Its beauty glistens  CardinaleVWVolkswagen Passat 20T RLine shown in Platinum Grey Visit us  ,positive
49,Happy EarthDay2020 with,positive
50,Leno could see Tesla was the future while driving the Roadster,positive
51,Some friends on Facebook pointed out that I did exactly this in my Volkswagen bus when I wasand I couldnt be happier to have been so wrong No regrets,positive
52,Still wild how Yoruba accent turned the Volkswagen Vanagon to Fanagon ,positive
53,Fun fact about me  when I get older I wanna get a Volkswagen van pimp it out and travel the whole USA in it ,positive
54,Would it be possible to get one share of Tesla to see it grow for my kids future education fund aerialjc if thats possible ,positive
55,I love this,positive
56,Happy Earth Day tesla reVolution EarthDay,positive
57,I cant wait to get a Volkswagen ,positive
58,Come in and have your vehicle climate control and AC functions tested  on us VW Pasadena Volkswagen Turbo VolksLovers socal DealershipLife VWLife VWLifestyle VWLove VDub NowYouCan VDubLove VWSociety DubLoveLess,positive
59,A gorgeous Lapiz Blue Golf R to brighten up everyones day on this rainy Wednesday vwcanada staysafe staystrong mk7r Harbourview Volkswagen,positive
60,Theyre working towards similar goals as Tesla to be fair,positive
61,Just got a new car two days ago loving theturbo volkswagen Passat wagon,positive
62,Need a Automotive service manual Yes the ones the dealers use we have the manual for your Volkswagen you need,positive
63,why doesnt david dobrik get me in his tesla and interview me about monsta x and then go like LOOK BEHIND YOU MONSTA X IS HERE like I would like that I mean ofc after corona,positive
64,Play catch with a Tesla Hell yeah that sounds fun,positive
65,OMG ARE U GETTING A TESLA,positive
66,Proud of my superstar Emergency Medicine physician wife for her role in helping to keep the workers of safe during this pandemic Fun Fact CoorsTek is producing ceramic parts for the ventilators that Ford Motor Company is manufacturing COVID19,positive
67,A big thank you to the Ford Motor Company for donating face shields to the Romeoville Fire Department,positive
68,I covered the autos in Detroit for aboutyears with Red Hat so I still feel a little personal connection when I see success line this  Ford Motor Company optimizes with container platform to speed delivery,positive
69,Ford Fact The Ford Motor Company made Henry Ford one of the richest and wellknown people of his time,positive
70,Ford Motor Company does more than just provide highquality vehicles and maintenance services Ford takes care of its community like us ur CEO Jim Hackett shared how Ford is leading the torch for innovation in giving back to the local community,positive
71,Credits to the Ford Motor Company and the designers and engineers at Ford in,positive
72,have excelled here call it and let the controversy begin as the luddites keep bashing it and attempt to stop the motor company moving into the 21st century  absolutely brilliant  cannot wait to get one and turn up at meets,positive
73,Were proud to support Ford Motor Company in their efforts to manufacture Powered Air Purifying Respirators PAPRs These respirators help healthcare workers on the frontline protect themselves from COVID19 EveryConnectionCounts,positive
74,Hero of the day Motor Company for converting their plants to manufacture ventilators heroes heroesworkhere Ford fordmotorcompany ventilators coronavirus covid19,positive
75,Happy Earth Day from Ford Motor Company EarthDay2020 EarthDay WorldEarthDay,positive
76,Based on Red Hat OpenShift and supported by RedHat and Sysdig technology Ford has improved developer productivity enhanced its security and compliance approach Read the full story,positive
77,the hyundai x bts commercial is very pretty,positive
78,Congratulations Happy Customer Hyundai Genesis vccars,positive
79,The Prophecy and Hyundaiconcept vehicles from the Frankfurt Auto Show have been green lit Check out Hyundais slick new rides,positive
80,Go Bears,positive
81,Oh that looks awesome I love the color,positive
82,Ayyyyyyy y love You,positive
83,Congratulations Happy Customer Hyundai Elantra hyundai,positive
84,the bts hyundai ad is the only minute long ad ill watch from beginning to end,positive
85,Yo its good,positive
86,This Hyundai looks beautiful ,positive
87,Off to a wicked start ,positive
88,DECHope named Hyundai ALeague Young Player of the Month for November Melbourne Victory FCs Mezzala Josh Hope has wowed the fans with some outstanding performances and has duly won the Hyundai ALeague Young Player of the Month,positive
89,Thanks ,positive
90,MY BABY,positive
91,YAAAS HYUNDAI LETS GO HYDROGEN ENERGYYYY,positive
92,Any word on leasing the Model Y My company lease on the Model S is running out in Sept These days cant really support a giant payment but would love to get another Tesla,positive
93,You are using OnePlus   I think the screenshot was taken by a OnePlus phone  ,positive
94,Wow congrats French man go back to fixing your president before you talk about American stuff,positive
95,Yes very nice,positive
96,Best car Ive ever owned Tesla,positive
97,Elon Musk Tesla has sent overventilators to hospitals  CNET MT,positive
98,Make some Tesla branded masks Ill buy,positive
99,ordered a lyft today to the dispensary and back and i got an older african man in a tesla model t with butterfly doors he asked what the place was I said a dispensary and he said ohhh like medicine and i didnt have the heart to say no,positive
100,Wow Serbia is dark Nothing That is actually impressive,positive
101,Only took a crushing of the entire battery metals industry Tesla to beat the crap out of legacy auto and a ridiculous virus situation for the main street media to notice a project that has been around for countless years,positive
102,When everyone returns to normaly TeslaSemi will have someadvantages vs DieselTrucks and will dominate the trucking industry when production starts  Watch why  Tesla Semitrucks trucking,positive
103,There was a Tesla behind me in the taco Bell drivethru and it made me feel really successful,positive
104,Honda Motor Company Ltd HMC stock dropped byCurrently priced at,negative
105,it is jungkook  it was posted on the hyundai instagram,negative
106,Im gonna run your Volkswagen over in a Raptor,negative
107,The all new Volkswagen Tiguan Meteor CommercialSeconds YouTube via dude is this them telling us man wtf,negative
108,Says the guy whos entire generation was introduced to him by a Volkswagen Cabrio commercial,negative
109,Like Hitler before him Elon Musk also had an ambitious project to make a car for the people Unlike the Tesla Truck the Volkswagen actually worked Thats why on Hitlers birthday we celebrate car visionary ElonMuskDay,negative
110,same sound as my volkswagen beetle with a bad starter,negative
111,FOLKS WARNING WE ARE RAPIDLY HEADED TOWARD A FINANCIAL DEPRESSION WORSE THAN THE GREAT DEPRESSION LOOK AT FORD MOTOR COMPANY THEY MAY NOT SURVIVE IVE BEEN TOLD STORE TWO WEEKS OF GROCERIES AND START A GARDEN THIS PAIN IS SELF INFLICTED BY THE REPUBLICAN PARTY,negative
112,Sad But IMO RIP more Focus RS model and with current ST Focus model massively overpriced and current ST line Focus Massively overpriced and uninspiring its so cheap looking especially inside a once great motor company is in serious decline Ford,negative
113,Ford motor company just had to borrow  off bonds the lender gave theminterest because the lender thinks they wont make it trumpsfailedeconomy COVID19,negative
114,Happy birthday to the DollarThief your work and commitment has been our struggle your struggle My Struggleon 1st Jan Edsel Ford succeeds his father Henry Ford as president of the Ford Motor Company Enjoy your birthday today maybe youll be 4th time lucky ,negative
115,Its OK He is way better than Henry Ford who bankrupted himself twice before making it work at the Ford Motor company At the end of this all Elon Musk will be remembered as greater than the sum of Henry Ford and Werner Von Braun,negative
116,this is a difficult and uncertain time for us all buy a toyota,negative
117,But Tate Kong I thought you dont like Toyota,negative
118,Toyota bakkies I hate em,negative
119,What would you do with your life if you knew there were no limits  Id steal a ferrari or an Audi drive as fast as I can drink smoke get a tattoo Watch sunrise somewhere far,negative
120, so now the President and media opeds are responsible for the actions of individuals  how pmrc of yall  things really have come full circle What ever happened to personal responsibility Are you blaming Audi car manufacturers for people who crash due to commercials,negative
121,Audi stands for Arsehole Usually Drives It,negative
122,Parked the Audi now we sliding Ina rental,negative
123,Nothing SHOULD save them Elitest MFers heavily in debt Audi drivers who dont need to obey stop signs in the parking lot will just have to deal with Nordstrom I guesspoor wine moms What ever will they do,negative
124,To the guy ripping down my street letting the backfire of his BMW M3 go off I just wanted to let you know youre the coolest guy in the world I want to be you when I grow up,negative
125,kept it bmw and but a bar end on his shit,negative
126,OTD inthousands of employees of the Ford Motor Company of Canada began a weeklong strike at an assembly plant in St Thomas Ont history Cdnpoli Cdnecon philately collectstamps onthisday,negative
127,I have a good friend whos surname is Ford I should ask him what he thinks about Ford Motor Companys business and compensation plans Because thats about as much as Abigail Disney knows about Disneys She has zeroZEROknowledge about anything at that company,negative
128,and I am wondering how many of the THOUSANDS ventilators that so many including Ford Motor Company is now making are needed Orygun little girl governor Katie sentto Cuomo If they are so desperately needed and WA state was in excess of 400why,negative
129,Socialists of the 1920s eg the Fabian Society used to go on about the wasteful duplications of capitalism Why more than one factory making fountain pens Far more efficient to run national economies like scaledup versions of the Ford Motor Company,negative
130,Actually I built Crown Vics and Grand Marquis Ford Motor Company we had the STOP PROGRAM Summer students if family members worked the assembly lines and made very good money The word is they WORKED FOR IThour shifts foryears,negative
131,Tesla Inc TSLA surprised the market with Q3 result JP Morgan Chase changed the rating to Hold as Tesla Inc TSLA has negative EPS revisions downand not enough upside to warrant a Buy rating,negative
132,Apple and Tesla are making medical equipment to fight Covid19 What happens when its over,negative
133,More isnt always better when it comes to data  at least if its not usable data teslagov information dmv government Disadvantages of Lots of Data  Tesla Government Inc,negative
134,Id rather be hit by a bus than a car The city got money for me to sue Nobody trying to get hit by aHonda  my medical bills be worth more than that car,negative
135,Very true I recall one time at the border a cop let a couple of cars pass easy peasy back into Botswana My turn the man asked me to pull to the side and that I get out so he does a thorough searchwhole mins my honda fit being searched What for idk ,negative
136,Second time Honda dealership trys to scam me smh ,negative
137,Honda and Ford came out with hybrids around the same time as the Prius The problem with them is they looked like their other cars so you wouldnt get as much Social Currency as the distinctive Prius So they didnt sell well with the green crowd,negative
138,Very sorry to hear Sending hugs,negative
139,For a CEO that claims to want to make the world a better place youd think Elon Musk would start with his own workforce PayYourWorkersElon,negative
140,reasons why i need more tesla stock yesterday ,negative
141,Hey my moms car caught on fire Tesla,negative
142,Thats your opinion clearly not mine As I said IF you believe Tesla is disrupting all those things you believe it will reach 1000s per share If you dont well good for you,negative
143,After women fear men who drives Volkswagen ,negative
144,Without exaggeration it takes two seconds to defraud a market to the tune of billions It takes two years to even start to pick up the pieces via the courts From the funding secured docket In re Tesla Inc Securities Litigation,negative
145,The amount of ppl defending this shit  yall bitches will never get a ring believe that,negative
146,Those are good points I personally never thought oil was done here It is however a very clear example of a dependency we could and must do without,negative
147,I dont like him but hes right,negative
148,Hi all My Silver VOLKSWAGEN TRANSPORTER like in the pic Reg no VU12 ZBR was stolen today on BARRY ROAD SE22 while I was delivering food drinks and shopping to people Have you seen this vehicle Contact me,negative
149,Nikola Tesla is rolling over in his grave his names are fighting lmao,negative
150,We got some Tesla on Silkroad  I realized after I kind of put Tesla to upset those so oppossed to electric cars  Thats the root of America right there Some not believing something works unless it causes environmental destruction  we have always done it this way ,negative
151,the audacity of a man to hit on me whilst in a volkswagen beetle,negative
152,Its an overpriced Volkswagen,negative
153,ok so yall can talk abt drama all the fucking time but the one time i mention how i got blocked by elon musk in a story involving a dildo button n penetration in a tesla IM the weird one,negative
154, mines waswith my Chevy I can only imagine how much its about to be with my Volkswagen ,negative
155,After seeing the vegan leather Tesla uses for car seats I tend to agree Except they say they still have to use real leather on the steering wheel because the faux stuff doesnt hold up to prolonged exposure to hand oils,negative
156,Ford Motor Company is issuing a safety recall for selectFord Expedition vehicles The belt tension sensor in the front passenger seat belt buckle may malfunction and can lead to a misclassification of the size and weight of the occupant for the restraint system,negative
157,I just hope the immigrants dont leave because we need all the scapegoats we can get God forbid if we ever run out since wed have to order Ford Motor Company to retool to manufacturenew scapegoats a day,negative
158,Ford Motor Company Is LosingMillion a Day Is it Time to Sell gtnews news carlover gaming gamingcommunity,negative
159,Ford Motor Company Is LosingMillion a Day Is it Time to Sell,negative
160,On September 4thThe Ford Motor Company launched The Ford Edselnamed after Henry Fords only sonversions of the car were made and people believed it would be the car of the future However it was a huge flop being called ugly and overhyped costing themmillion,negative
161,Ford vs Ferrari Pro Christian Bale Pro Matt Damon Pro Great driving action ProCarroll Shelby except hes a sellout Pro Ken Miles except hes an obsessive psycho Con Ford Motor Company is an illustration of almost everything thats wrong with this dick swinging country,negative
162,Ford Motor Company Is LosingMillion a Day Is it Time to Sell Topbuzz,negative
163,OTD inthousands of employees of the Ford Motor Company of Canada began a weeklong strike at an assembly plant in St Thomas Ont history Cdnpoli Cdnecon philately collectstamps onthisday,negative
164,I have a good friend whos surname is Ford I should ask him what he thinks about Ford Motor Companys business and compensation plans Because thats about as much as Abigail Disney knows about Disneys She has zeroZEROknowledge about anything at that company,negative
165,and I am wondering how many of the THOUSANDS ventilators that so many including Ford Motor Company is now making are needed Orygun little girl governor Katie sentto Cuomo If they are so desperately needed and WA state was in excess of 400why,negative
166,just got the bts hyundai ads  they used sun kissed for hobi lowkey crying,negative
167,Whats baffling is why Google appointed the former CEO of Hyundai America to lead Waymo and why GM appointed an exinvestment banker to lead Cruise,negative
168,minutes until this BHA Hyundai event thingy and my arse volcano has erupted,negative
169,Todays traffic lights sidewalks and bridges took me back to the Hyundai days  UK fans will know this struggle sanditon,negative
170,The other members selfies in the dark with only flash were not this low quality,negative
171,white sadness is scraping the sub pop sticker off the leased hyundai you have to return tomorrow,negative
172,Him and his narcissistic sociopathic wife are Saul Alinsky fascist,negative
173,Im not Thats absurd for the golf AHyundai Accent is 2500lbs My subaru weighs 2800lbs and has AWD I love how you try to call shit thats not the case The golf is a little heavy for what it is but 3500lbs isnt light by any means Dont fucking delude yourself,negative
174,Dude whats your deal with Ive seen you hate on him in three of your last three tweets Your Tesla not getting advertised range or what,negative
175,Tesla is showing the corporate world how to be socially responsible in times of crisis The best organizations are those who realize they are accountable to a larger society MKTG3104,negative
176,Ive had similar conversations with friends family and random strangers None of them are likely to ever buy a Tesla but how DARE I say anything bad about Elon Musk EVERYONE knows he is saving the world Stop with the conspiranoia,negative
177,There is but I cant think of it I think with her its an unhealthy obsession with Musk Grimes is just collateral Can tell from the Tesla video her body language is childish and uncontrolled,negative
178,agreed rip,negative
179,Its not about buybacks alone Im fine with people taking a gamble on Tesla for example but there should be some rule preventing innocent peoples money going into such risky endeavors through pension and other funds Hows that for a suggestion ,negative
180,Ok  I follow this guy  he posts interesting stuff and I thought Tesla was ok with it but obviously crossed the line and pissed Tesla off So he should back off and let them work IP is the work of others dont mess with it if you have any class,negative
181,Dammit should just split the stock already so that the bulls and bears can agree that underis even close to reasonable,negative
182,If they made them compatible with all EVs that would not be smart for Tesla,negative
183,I HATE YOU SO MUCH Not really but I do want to steal your Tesla so I can watch Harry Potter Sorry thats the last time Ill use that joke,negative
184,here we have things like the Tesla Cybertruck and irl hovermobiles going on big time and selfdriving semis and buses too and we let this virus stymie us ridiculous,negative
185,Sometimes I think Honda must only hire engineers who are masochistic Look at where this mounting bolt for an NT700 ABS unit is located And its threadlocked too Honda Motor Company indeed Certainly not the Honda Rational Packaging Company,neutral
186,The Honda CRF450X is an offroad motorcycle made by Honda Motor Company It currently has acccu in liquidcooled singlecylinder engine,neutral
187,Big Changes Announced for Honda Motor Europe Spain and Portugal Miu Kato joined Honda inThroughout his career at the company he has held positions of responsibility in countries such as Russia and the United States The until now vice,neutral
188,EVERYONE WAS SO QUIET ABOUT IT I NEVER SAW THE HYUNDAI TWEET,neutral
189,Hyundai posted it Looks like a local selfie isnt it ,neutral
190,Elevate your daily drive behind the wheel of theHyundai Santa Fe Tap to see how you can lease the SUV forper month ,neutral
191,Volkswagen Group definitely went back to the drawing board after seeing that video ,neutral
192,Volkswagen settles emissions class action with bulk of claimants,neutral
193,Every time I listen to Purple Reign I think about senior year at Byrd skipping class in my Volkswagen ,neutral
194,Dont submit then quit Apply for jobs like Project Lead  Bentley at Volkswagen Group of America then look for people you might know at the company You might be able to reach out to HR directly Ready to apply Check out the link in our bio Engineering Belmont CA,neutral
195,What like in the back of a Volkswagen,neutral
196,was gonna make a web on the volkswagen forum,neutral
197,VOLKSWAGEN up5p move up BlueMotion Technology IVA esposta volkswagen up,neutral
198,See our latest AuburnHills MI job and click to apply PCMS Associate Analyst  Engineering,neutral
199,Like the back of a Volkswagen Special shootout to without whom this tweet wouldnt be possibly,neutral
200,Volkswagen Tiguan to get a fresh face better tech CarConnection  News  Noticia  Bitcoin  CryptoCurrency  Forex  gt,neutral
201,New issue focuses on UKsproposals tuning electric cars MINIs first electric car revised Volkswagen eup Volvos new frontwheel drive XC40 T5 Plugin Hybrid and a special look at Covid19 plus much more,neutral
202,Things were whitehot in and around Detroit inwhen it came to unionizing auto workers,neutral
203,Ford sets a new standard for modern development in the automobile industry with and,neutral
204,Daniel Oh on Twitter built new RedHat clusters with gaining competences in OpenShift and moved many stateful apps onto the new platform Learn more  Twitter,neutral
205,Ford Updates Vocational Truck Offerings Ford Vocational Truck FSeries,neutral
206,Ford Motor Company,neutral
207,So basically a Ford Escape and a Landrover are the same While they are both SUVs there are many differences Nikola Motor did not invent the semi truck nor does the company have proprietary privileges to all semis So the color is the same and they both have tinted windows,neutral
208,After creating a containerbased application platform with RedHat and sysdig has improved developer productivity and enhanced its security and compliance approach Read our story here RHInnovationAwards RHSummit,neutral
209,It was bought by my Dad and he gave it to the high school shop guy to bring it up to snuff so I could drive it to work at The Ford Motor company It was aFairlane Blue It was slow and I guess my dad didnt want it to be too fast,neutral
210,Ford Motor Company  Without Food Supply Chain South Africa Could Face Very Different Crisis ,neutral
211,Ford Motor Company Fund Matches Donation Read more at  For more information call Ford  Floresville at2164040 or send us an direct message ThinkAncira Ford Floresville Builttolendahand Community,neutral
212,Ford Motor Company optimizes with container platform to speed delivery,neutral
213,The full Turtle Trading strategy is more complex however in this article we have coded the crux of the strategy in Python and traded on stocks such as Apple Inc Kinder Morgan Inc and Ford Motor Company,neutral
214,Man crush rMonday,neutral
215,If youre not watching youre missing out,neutral
216,Someone needs to get you a Toyota X Runner for review,neutral
217,Makes me wonder if you mixed Royal Crown and Crown Royal if its good,neutral
218,Toyota Motor North America new chief executive officer Ted Ogawa takes the office amid unprecedented changes,neutral
219,NOW WRECKINGTOYOTA HILUX 24LSPEED MANUAL UTE STOCK NUMBER W0250 CALL363FOR INQUIRIES OR VISIT,neutral
220,ToyotaLexus Introduce Three New BEVs In China,neutral
221,Bismillahirrahmanirrahim For Sale  Jual Tomica Takara Tomy Choro Q NoToyota Sienta Rp USLoose Paypal Ready WhatsApp 85703040515 Line  75corner Order Now  Visit Link Below,neutral
222,Toyota Camryfor sale in good shape and good condition buy and drive,neutral
223,Ok but tell me why Toyota thinks is Chelsea cutler ,neutral
224,The only woman so beast she could no sell MULTIPLE dropkicks from Manami Toyota,neutral
225,See how Audi compares to the competition Tap to read our model research ,neutral
226,What is Reina doing there why not David James,neutral
227,Yo please make me a free woman again still gotyears over my head,neutral
228,An Odyssey Touring The Audi of Honda minivans,neutral
229,View Photos of theAudi R8 Spyder caranddriver  News  Noticia  Bitcoin  CryptoCurrency  Forex  gt,neutral
230,Centurylink Field Providence Park Alliance Stadium Audi Stadium Childrens Mercy Park,neutral
231,AnyV6 diesel VW or Audi Touareg A6 or A8fuel stop and comfort enough that one coffee break at Perth to refresh you Doesnt have to be a sporting car to get the job done,neutral
232,The Audi by a mile,neutral
233,Anybody have an Infiniti Q50 orAudi A6,neutral
234,BMW X7 xDrive40i incentive offered on this 30mo lease transfer in Santa Clarita CA Details Here Contact the private seller today,neutral
235,Use your certificate to buy Benz and BMW and stop walking under the sun,neutral
236,we live,neutral
237,See and be seen in theBMW 330i a sports sedan others aspire to be  Tap to view our inventory and have this iconic ride delivered right to your door,neutral
238,Did you know InFranz Joseph Popp Karl Rapp and Camillo Castiglioni founded the company which is based in Munich Germany They called the company Bayerische Motoren Werke which was later shortened to BMW,neutral
239,Hi everyone Thanks to BMW for this journey fromto,neutral
240,In a Crisis Pessimism Is Natural but Realism Is Crucial HumanProgressData,neutral
241,Did you know The Dixi was the first car that BMW manufactured,neutral
242,Opening Opportunities and Fighting Abuse  IJs Response to the COVID19 Crisis,neutral
243,G2s match against mad lions where Caps picked vayne,neutral
244,When caps locks in vayne and destroys,neutral
245,BMW 128i Miles141000 EngineV6 30L TitleClean Price4500 obo Car faxClean This car has no mechanical issues very nice ride for the summerhas a inline v6 motor no leaks everything works as shouldfor more info dm me thx,neutral
246,Motivation Monday Sleepah    Redlinesproject IG  BMW M5 M5Competition blackcars sleeper Luxury automotive photography photographer PhotoOfTheDay Blog blogging Website Instagram StayHome Boston cars car auto,neutral
247,Whether you think you can or think you cant  youre right Henry Ford Ford Motor Company Founder,neutral
248,Based on OpenShift and supported by RedHat and Sysdig technology Ford has improved developer productivity enhanced its security and compliance approach Read the full story,neutral
249,Based on Red Hat and supported by RedHat and Sysdig technology Ford has improved developer productivity enhanced its security and compliance approach Read the full story,neutral
250,Ford Motor Company NYSE FUSD,neutral
251,Ford motor company F market cap 19B Burritos 24B BurritoNation HenryFord,neutral
252,Stocks with greater movement lastminutes TWTR Twitter Inc TER Teradyne Inc HPQ HP Inc AMAT Applied Materials Inc F Ford Motor Company,neutral
253,Tesla Inc TSLA Trading Report Click for BuySell,neutral
254,Directional Bias for Tesla Inc TSLA Trading Report Click for Details,neutral
255,Tesla Inc TSLA surprised the market with Q3 result Bain capital changed the rating to Buy as Tesla Inc TSLA has great fundamentals and its currently trading at a PE ofwith a PEG of,neutral
256,Big boys coming in hot apple Tesla COVID19 medicalsupplies,neutral
257,TSLA TESLA INC  BOFA GLOBAL RESEARCH CUTS TO UNDERPERFORM FROM NEUTRAL CUTS PRICE OBJECTIVE TOFROM,neutral
258,Tesla Inc TSLA surprised the market with Q3 result Morgan Stanley changed the rating to Hold as Tesla Inc TSLA reflects limited EPS from core operations,neutral
259, Wall St Solver Power Rankings   AMZN  Inc  MSFT  Microsoft Corporation  TSLA  Tesla Inc Rankings ,neutral
260,Tesla Inc TSLA surprised the market with Q3 result JP Morgan Chase changed the rating to Underperform as Tesla Inc TSLA tumbled aboutsince the SEC hearing,neutral
261,Tesla Motors Inc TSLA stock rose byCurrently priced at,neutral
262,Tesla Inc TSLA surprised the market with Q4 result Deutsche bank changed the rating to Underperform as Tesla Inc TSLA tumbled aboutsince the SEC hearing,neutral
263,Tesla Inc is now19  TSLA TSLAQ Tesla TeslaMotors NASDAQ EV Automotive,neutral
264,TSLA is today rankedin the Daily Gambiste Big Cap rating Tesla Inc  Common Stock is today top rated Check the full Gambiste long term ratings here,neutral
265,Where did you work if you can say Im a tech in the Phoenix area Ive been a Honda tech foryears now,neutral
266,Ford Chase Dodge Chase Ram Chase Honda Chase Toyota Chase Jeep Chase Chrysler Chase Nissan Chase Fiat Chase,neutral
267,Honda jackets,neutral
268,Nope Not on mine I read about this thing a few years ago and I checked my VW Polo at the time and it wasnt the case I now have a Honda Jazz and its the same thing,neutral
269,Lol somebody plz buy this Honda ,neutral
270,When outside used to keep Troy Riley walking away unscratched after flipping in the Carib Cement corner at Dover dmontiimages autocapture doverracewayjamaica honda crx crash accident Dover Raceway,neutral
271,Yuka Honda is on Instagram whitepilled again,neutral
272,He come in a Honda,neutral
273,fixed starter shitty design Lexington Kentucky,neutral
274,Sales is now open online by appointment only Shop our new offers   HondaUniverse honda hondausa carshopping newdeals cardeals discounts onlineshopping,neutral
275,Honda Civic For Sale in Jamaica usedcar carforsale,neutral
276,u got a honda,neutral
277,If he wear these he smokes blacks and drives aHonda with no working ac,neutral
278,yall wanna see thehonda accord w ac ,neutral
279,NowPlaying Love Song by Tesla TuneIn,neutral
280,Jigs on Tesla ps4,neutral
281,20th April UK solar reached a peak of 968GW This metof the UKs current energy demand EV Electricvehicles batterypower solar greenenergy renewableenergy renewables tesla model3 modelS modelY Roadster pv solarenergy cleanair climatechange airpollution,neutral
282, how to brush your teeth properly Pronounce Tesla Word cup song,neutral
283,Given the range of a Tesla and fast charging then you dont need a petrol engine hybrids are complex and inefficient because they containengine systems,neutral
284,We dont need AC heaters computers refrigerators public transportation toilets showers beds etc etc etc,neutral
285,oooh space x oooh tesla is that what you got the name the fame let me tell you that you are trying to show off these things to girls of the world that never continued with you and the biggest proof is that you are single now,neutral
286,Didnt the first little Tesla use the little Lotus body That one would have been okay,neutral
287,A lot of people dont even be knowing most of these luxury cars are made by Honda Toyota Volkswagen etc,neutral
288,Nobody feels the need to say this about Volkswagen or the autobahns Vince,neutral
289,Presumably not though I have no idea how does a Tesla update or what happens in the connection of the car and the update servers Maybe ask and your cell provider,neutral
290,Check outHot WheelsTarget Red EditionVW VOLKSWAGEN CADDY Pickup Truck via,neutral
291,Build tunnels with cars on skates going hundreds of miles an hour coming soon Im just making up numbers here Tesla tsla tslaq,neutral
292,YOU WONT BELIEVE IT Were sellingAndroidVolkswagen BoraatShop here ,neutral
293,I dont hear ARK saying Tesla has run a bit so we are trimming We think those who have gains may want to do the same Instead I hear the bear case the almost guaranteed case is 700share,neutral
294,Maybe we should celebrate Hitlers birthday as well he had the idea for Volkswagen and encouraged the development of rockets and look what those ideas have led to Both men were murderers to obtain an end they should be consigned to history and we should look forward not back,neutral
295,Volkswagen Golf Mk1 VR6 shot via IG user marcingru93,neutral
296,Its not too late to join us for our webinar with Energy California focused DM or email me for Webex invite Info atTODAY  Earth Day Wed Aprilat 5pm PDT andorEncore on Saturday Aprilat 11am,neutral
297,Nice u see this ,neutral
298,Volkswagen is slowly resuming production in Germany,neutral
299,Volkswagen opens few plants in Europe  Toyota next and also Mercedes  Next Challenge is demand,neutral
300,Hey any new articles youll be writing You and can maybe go out for dinner with and discuss how you want to report this,neutral
301,The rangetopping Polo Highline Plus variant is only available with the 10litre turbopetrol engine but gets 6speed manual and automatic gearbox options,neutral
302,Biggest Lesson Leaders Need To Learn From The Criminal Charges Against Volkswagen Executives,neutral
303,Volkswagen ID3 Production Coming Back Online Tomorrow via,neutral
304,SoldVolkswagen Beetlefor,neutral
305,Tesla Stock Has GainedOne Analyst Has Had Enough  because analysts calls on TSLA rarely seem to matter  Murphy ,neutral
306,Classic VW  Free Ads on Site until this is over  vw volkswagen german classic bug,neutral
307,The window to buy Tesla closed a month ago ,neutral
308,This Certified PreOwnedVolkswagen Atlas is wellappointed and ready to drive off our lot and to its new home Check it out on our website for more details and give us a call to learn about complimentary local delivery where available SUV,neutral
309,Perhaps a marker on the progress bar on when the sentry mode was triggered as well,neutral
310,Volkswagen Says ID3 Still Coming Even If It Isnt Ready,neutral
311,People have been saying this forever He cant leave Tesla would die,neutral
312,If you get a Tesla Im going to jump in a pool naked,neutral
313,Watch the Volkswagen ID3 in VR with this DIY VR headset tutorial,neutral
314,A reminder you haveDAYS LEFT to watch Jim Jarmuschs delightful Coffee and Cigarettes on see Jack White show Meg White his Tesla coil and Tom Waits confuse Iggy Pop with his story of roadside surgery ,neutral
315,Shop online to find a newly used Volkswagen that you always wanted to drive and Rutland Volkswagen will have it delivered to your home,neutral
316,ICYMI Today in Apple history Apple teams with Volkswagen for iBeetle car by,neutral
317,Weve auto glaziers in Tipton QUOTING a customer to replace the windscreen on aVolkswagen Polo windscreen replacement Volkswagen Polo Tipton,neutral
318,Heresy Volkswagen Might Expand the GTI Lineup to Include Crossovers ,neutral
319,Volkswagen BeetleOn eBay Now,neutral
320,VOLKSWAGEN TRANSPORTER We have this lovely,neutral
321,Volkswagen Says ID3 Still Coming Even If It Isnt Ready ,neutral
322,If you wanna eat it no pressureI only do range no tesla,neutral
323,Going back in time to invent twinkies before Tesla can,neutral
324,legendarycars in pick up versions Volkswagen Beetle FiatCitroen 2CV Mini Which one,neutral
325,Twitter this time next week If I pack TOTS Zaha in my WL Rewards ill give awayFIFA Points a Volkswagen Golf andbottles of Heineken,neutral
326,Volkswagen has partnered with eClassics for a special 70th anniversary original AndyKeating RSIR RealogicsSothebys KirklandRealEstate,neutral
327,SIMULCASTONLY SALE Volkswagen Credit 11AM ET  LaneUnits Click the link below for the presale list,neutral
328,K in Austin TX is saving with the Tesla down payment  Goal they set up with Simple What do you want to save for simplegoals,neutral
329,Join us tomorrow atPM Live with Host Bishop Filkey and Guest Rick Duncan of NacnudStudios Rick has worked with towerofpower tesla davidfoster chicago johnnycashtributeband and produced platinum records Watch it live on our App or Roku Channelgtgt,neutral
330,and with modernday Europeans I am mostly talking about white Europeans Like yall had to get guillotines out in the streets and behead the super rich faster than Volkswagen can manufacture a car and that is really fast whiteonwhiteviolence,neutral
331,Volkswagen Jetta SE Sport Sedan is now available on our lot Go to for details,neutral
332,Audi and Volkswagen are creative with CO2Emissionen ,neutral
333,Smitten with the bug RAY MASSEY tests the Volkswagen Beetle DailyMailUK  News  Noticia  Bitcoin  CryptoCurrency  Forex  gt,neutral
334,This video explains how to find the Rennstand jack pad that best suits your vehicle before your Rennstand purchase safejack supportyourworld rennstand porsche tesla  bmw audi mercedes car porsche911 honda toyota volvo lexus mechanic,neutral
335,Volkswagen will resume production at Chattanooga plant on Sunday May 3rd But workers will find some changes when they come back afterweeks,neutral
336,The Psychopath Test How it works  THE GRANDPARENT Stalin  The man behind the mask To the Lighthouse Fear of Flying Volkswagen Jetta Haynes Manual,neutral
337,Learned to drive in my early 20s as living in London did not need to drive Had lessons on Ford Fiesta but had this as company car when I first started in the motor industry in,neutral
338,The Indian company Mahindra Group along with General Motors and Ford Motor is now building medical personal protective equipment for health workers fighting Covid19 in the US Doctors amp Nurses can treat corona virus infected patient by shielding themselves with the help of Kit,neutral
339,In World War II by mid1944 the Ford Motor Companys Willow Run factory in Michigan was turning out B24 bombers by the hour But that was because the plant was open and the workers were being paid,neutral
340,Video Learn how Ford Motor Company choreographs robots to help people  and each other  on the fiesta assembly line,neutral
341,Ford Motor Company announces details forQ1 earnings conference call,neutral
342,To speed delivery and simplify maintenance Ford adopted a containerbased cloud platform based on RedHat OpenShift and supported by Sysdig technology to modernize its legacy stateful applications RHInnovationAwards RHSummit,neutral
343,NYSETop100VolumeLeaders Updated TueApr1149 Occidental Petroleum Corp  OXY  Ford Motor Company  F  GeneralElectric Company  GE  bankofamerica Corp  BAC  Carnival Corp  CCL ,neutral
344,Ford Motor Company Announces Details ForQ1 Earnings Conference Call,neutral
345,Ford Motor Company F stock dropped byCurrently priced at,neutral
346,Stocks with greater movement lastminutes GM General Motors Company APA Apache Corporation CLF ClevelandCliffs Inc F Ford Motor Company GPOR Gulfport Energy Corporation,neutral
347,Ford China Sales DecreasePercent During Q1,neutral
348,In our latest Make It Move kids video children can learn about the Ford Motor Companys automotive plants and the people who worked there while creating their very own employee badge Join us next Tuesday April 28th for our last Make It Move video,neutral
349,Ford Motor Company of Canada Ltd has begun production of face shields at its Windsor Site operations to help protect Canadian medical personnel and first responders on the front lines of the COVID19 pandemic Learn more,neutral
350,Rush Green Romford Used to be the Ford Motor Company sports ground,neutral
351,NYSE TopVolume Leaders and technical ratings Ford Motor Company  F  Sell GeneralElectric Company  GE   BankofAmerica Corp  BAC   Occidental Petroleum Corp  OXY  Sell Exxon Mobil Corp  XOM  ,neutral
352,Hope to see you at the webinar tomorrow12pm EDT Hear how GE Healthcare Ford Motor Company and Airon partnered to scale ventilator production for COVID19 TMDs montly columnists  MedTech MindSet  helped facilitate the deal Register now,neutral
353,Hope to see you at the webinar tomorrow12pm EDT Hear how GE Healthcare Ford Motor Company and Airon partnered to scale ventilator production for COVID19 TMDs montly columnists  MedTech MindSet  helped facilitate the deal Register now,neutral
354,Hope to see you at the webinar tomorrow12pm EDT Hear how GE Healthcare Ford Motor Company and Airon partnered to scale ventilator production for COVID19 TMDs montly columnists  MedTech MindSet  helped facilitate the deal Register now,neutral
355,Hope to see you at the webinar tomorrow12pm EDT Hear how GE Healthcare Ford Motor Company and Airon partnered to scale ventilator production for COVID19 TMDs montly columnists  MedTech MindSet  helped facilitate the deal Register now,neutral
356,Hope to see you at the webinar tomorrow12pm EDT Hear how GE Healthcare Ford Motor Company and Airon partnered to scale ventilator production for COVID19 TMDs montly columnists  MedTech MindSet  helped facilitate the deal Register now,neutral
357,Hope to see you at the webinar tomorrow12pm EDT Hear how GE Healthcare Ford Motor Company and Airon partnered to scale ventilator production for COVID19 TMDs montly columnists  MedTech MindSet  helped facilitate the deal Register now,neutral
358,FeedTheWorldFilmPBS By the late 1920s mechanization was transforming agriculture including the Ford motor company tractor not mentioned  also cities with cars replacing horses,neutral
359,Dated APR2020 Ford Motor Company Ford is recalling certainfrom VooDoo Racing,neutral
360,Mountune was originally created in the UK and have been building engines and also designing and producing performance parts for overyears Mountune is the only approved tuner for Ford motor company moountune cars automotive carphotography ford focusrs sportcar,neutral
361,built new RedHat clusters with gaining competences in OpenShift and moved many stateful apps onto the new platform Learn more,neutral
362,has announced it will collaborate with Ford Motor Company in the rapid development and production of powered air purifier respirators,neutral
363,INDUSTRY FIRSTS The Oldest Car in Uganda is located at the Uganda National History Museum It is aFord T Model Its body is made of Wood The Ford Model T is an automobile that was produced by Henry Fords Ford Motor Company from October1908 to May1927,neutral
364,AprJames Hackett Carlow Galway Waterford and Cork roots born Columbus Ohio He has served as the current president and CEO of Ford Motor Company since,neutral
365,NPRs Rachel Martin talks to Adrian Price Fords director of manufacturing about the companys efforts to repurpose equipment used to make cars to now make ventilators and other medical supplies,neutral
366,Whether you think you can or think you cant  youre right Henry Ford Ford Motor Company Founder,neutral
367,Based on OpenShift and supported by RedHat and Sysdig technology Ford has improved developer productivity enhanced its security and compliance approach Read the full story,neutral
368,Based on Red Hat and supported by RedHat and Sysdig technology Ford has improved developer productivity enhanced its security and compliance approach Read the full story,neutral
369,Socialists of the 1920s eg the Fabian Society used to go on about the wasteful duplications of capitalism Why more than one factory making fountain pens Far more efficient to run national economies like scaledup versions of the Ford Motor Company,neutral
370,How many people have won Camaro  in Vegas Try used Hyundai ,neutral
371,Shop here  We know you cant resistrubbertracks tracks,neutral
372,just couldnt resist the temptation to make the Veloster N appeal to a wider audience and has now introduced an automatic transmission for the hot hatchback Read more ,neutral
373,Hyundai Prophecy concept headed to production as possible Ioniq replacement  CNET,neutral
374,Hyundai is here to help support families during this uncertain time,neutral
375,GREEN on fans racing six racesfirst up,neutral
376,WE NEED A HQ,neutral
377,Slightly by him  The Hyundai pic lol I still cant get over that ,neutral
378,I am supposed to be apart of it but I got disconnected my gamertag is torontofan34,neutral
379,did anyone get that BTS ad for Hyundai,neutral
380, a Cupertino Califbased maker of electric vehicle charging tech raised an undisclosed amount Investors include SAIC Motors Hyundai Motor Company and Forest Ventures Fundingtweets electricvehicles charging,neutral
381,Important info for your wives GUYS Go with a Kia not a Hyundai,neutral
382,Stream back on,neutral
383,Research Frontiers SPDSmartGlass Licensee and Strategic Investor Gauzy Ltd secures the Series C investment from Hyundai Motor Company Blue Red Partners VC Singapore and Avery Dennison,neutral
384,I own a Hyundai Nexo and live in Southern Cali H2 is currently 16kg where I live Is your price of hydrogen still going to be 350kg for nonNikola customers,neutral
385,Nothing a Hyundai and a beautiful blonde cant fix ,neutral
386,Hyundai is from a game moron Hold this block lmfao,neutral
387,I JUST GOT A HYUNDAI BTS AD ON A WILLNE VIDEO IM CRYINGHVGKHB,neutral
388,Pre Purchase Inspection of Hyundai Grandeurwith Some Issues,neutral
389,About to start our next race ,neutral
390,Store the oil in those low interest Hyundai SUVs Should be some price increase bymos,neutral
391,darkselfie DarkSelfieChallenge HyundaixBTS HAPPY EARTH DAY,neutral
392,I really miss my Hyundai Sonata but i got something better,neutral
393,Good luck Mason,neutral
394,Hallo,neutral
395,I JUST GOT THE HYUNDAI AD ON YOUTUBE AAAAAAHHHHH,neutral
396,PDF Hyundai HL7579 Wheel Loader Workshop Repair Service Manual DOWNLOAD D0WNL0AD LINK Hyundai HL7579 Wheel Loader Workshop Repair Service Manual DOWNLOAD This is the Most Complete OEM for the Hyundai HL7579 Wheel,neutral
397,Or better yet What are we doing solder,neutral
398,Imagine thinking of buying a Tesla right now,neutral
399,Tesla competitor Polestarwill start atin the US,neutral
400,Maybe they know Tesla is the future and this was their job application for Tesla ,neutral
401,I only have tesla power ,neutral
402,THE VITAL LIGHT OF NIKOLA TESLA Healing Power of Ultraviolet Rays,neutral
403,soo whens the Tesla arriving,neutral
404,Maybe amp others should swap from making ventilators to these simple black boxes  cheaper than CPAP  close fitting masks  helmets COVID19 patients reportedly having far better outcomes the earlier CPAP support is started Could be used at home in many cases,neutral
405,You still havent stepped up and taken in any have you Just blah blah blah,neutral
406,Huh Week ago joking re Tesla and lung gas I suggested that using a mix of ozone and chlorine to ventilate COVID19 patients would  technically  nearinstantly result in eliminating infections Life imitating art   ,neutral
407,Sounds like a company with employees who are not passionate about the use and overseeing of the product no We see Tesla owners daily who engage AP w determination to support improvement towards levelautonomy All owners are guided to understand thisdrive responsibly,neutral
408,Tesla is literally Silicon Valley,neutral
409,I like immigrants when they come and build  etc not when they write material for Not cool,neutral
410,Tesla hires Hiro Mizuno exmanager of Japans 15tn pension fund,neutral
411,If wasnt young and didnt want to travel and made more then enough to comfortably afford it then i think it would be a great option That extra  and not so great NA network keep me with tesla Does seem like a competent offering though I curious on charge rate and efficiency,neutral
412,Tesla Motors woke the industry up and has been years ahead Daimler AG is catching up tho,neutral
413,Elon tell us about the most extraordinary thing youve done Candidate from Audi Um I copied from Tesla website amp pasted to update Audi website when asked to update Elon welcome to Tesla,neutral
414,Whats the name of the app,neutral
415,Catch and myself for tonights live Tesla Talks podcast,neutral
416,Tesla is adding a trillion Japanese pension fund to the chief executive,neutral
417,Shrubs are overgrown Should have applied tire shine to the wheels for picture taking Thats my two cents worth ,neutral
418,Pls let us wake up w that bearish run on tesla,neutral
419,THE VITAL LIGHT OF NIKOLA TESLA Healing Power of Ultraviolet Rays  Vitality Magazine,neutral
420,Tesla is the legacy auto company tsla tslaq,neutral
421,Six years more thanmillion players and one amazing journey  BitStarz turnstoday and were celebrating in style by giving away a Tesla ModelIn our epic birthday promotion were inviting everyone to come along and j,neutral
422,Tesla sanitized everything w lightyrs ago,neutral
423,HerAllocation To Any Said Security Excuse Does Not Work When Youre Selling Tesla On The Way Down TSLAQ,neutral
